{"x_points":[0.0000000000000000,0.20000000000000000,0.40000000000000000,0.60000000000000010,0.80000000000000000,1.0000000000000000,1.2000000000000002,1.4000000000000001,1.6000000000000000,1.8000000000000000,2.0000000000000000],"y_points":[0.0000000000000000,0.39936102236421730,0.78003120124804990,1.0623229461756374,1.1350737797956867,1.0000000000000000,0.78084331077563750,0.57832121612690010,0.42363905952128783,0.31310882271082660,0.23529411764705882],"poly_linear":[-0.070906752939821900,0.68072452351848580],"poly_quad":[-0.88830297828001970,1.7056992036202183,0.14774273655047304],"poly_cubic":[0.76505997966978600,-3.1834829172893735,3.4561564371046810,-0.072594537594425410],"show_true_curve_variant1":true,"x_smooth_low":-0.5,"x_smooth_high":2.5,"x_plot_min":-0.200000,"x_plot_max":2.200000}